Year,Song Title,Artist,Secondary Artist,"Organization of Backbeat (2, 3)",Kick / Snare Rate (in BPM),"1st Level Subdivision (2, 3)","2nd Level Subdivision (0, 2, 3)",Tempo of Swung Layer
1949,Slipping Around,Margaret Whiting,Jimmy Wakely,2,133,3,0,132
1949,Lovesick Blues,Hank Williams,,2,125,3,0,125
1949,Don't Rob Another Man's Castle,Eddy Arnold,,3,105,3,0,105
1949,I Love You So Much It Hurts,Jimmy Wakely,,3,96,3,0,96
1949,I'm Throwing Rice (At The Girl That I Love),Eddy Arnold,,3,100,3,0,100
1949,Mule Train,Tennessee Ernie Ford,,2,256,2,2,
1949,Candy Kisses,George Morgan,,2,146,3,0,146
1949,One Kiss Too Many,Eddy Arnold,,2,160,3,0,160
1949,Why Don't You Haul Off And Love Me,Wayne Raney,,2,184,3,0,184
1949,Tennessee Saturday Night,Red Foley,,2,140,3,0,140
1950,I'm Moving On,Hank Snow,,2,195,3,0,195
1950,Chattanoogie Shoe Shine Boy,Red Foley,,2,148,3,0,148
1950,Why Don't You Love Me,Hank Williams,,2,140,3,0,140
1950,Long Gone Lonesome Blues,Hank Williams,,2,124,3,0,124
1950,Birmingham Bounce,Red Foley,,2,175,3,0,175
1950,I'll Sail My Ship Alone,Moon Mullican,,2,185,3,0,185
1950,Goodnight Irene,Red Foley,Ernest Tubb,3,128,3,0,128
1950,If You've Got The Money I've Got,Lefty Frizzell,,2,206,3,0,206
1950,I Love You Because,Leon Payne,,2,120,3,0,120
1950,Mississippi,Red Foley,,2,148,3,0,148
1951,Slow Poke,Pee Wee King,,2,141,3,0,141
1951,The Shot Gun Boogie,Tennessee Ernie Ford,,2,173,3,0,173
1951,Always Late (With Your Kisses),Lefty Frizzell,,2,116,3,0,116
1951,There's Been A Change In Me,Eddy Arnold,,2,135,3,0,135
1951,I Want To Be With You Always,Lefty Frizzell,,2,111,3,0,111
1951,I Wanna Play House With You,Eddy Arnold,,2,178,3,0,178
1951,Hey Good Lookin',Hank Williams,,2,141,3,0,141
1951,The Rhumba Boogie,Hank Snow,,2,188,3,0,188
1951,Let Old Mother Nature Have Her Way,Carl Smith,,2,145,3,0,145
1951,Cold Cold Heart,Hank Williams,,2,114,3,0,114
1952,The Wild Side Of Life,Hank Thompson,,2,115,3,0,115
1952,Jambalaya (On The Bayou),Hank Williams,,2,164,3,0,164
1952,(When You Feel Like You're In Love) Don't Just Stand There,Carl Smith,,2,176,3,0,176
1952,It Wasn't God Who Made Honky Tonk Angels,Kitty Wells,,2,140,3,0,140
1952,Wondering,Webb Pierce,,3,133,3,0,133
1952,A Full Time Job,Eddy Arnold,,2,240,3,0,240
1952,Back Street Affair,Webb Pierce,,2,113,3,0,113
1952,Give Me More More More (Of Your Kisses),Lefty Frizzell,,2,198,3,0,198
1952,That Heart Belongs To Me,Webb Pierce,,2,117,3,0,117
1952,Don't Let The Stars Get In Your Eyes,Skeets McDonald,,2,236,3,0,236
1953,Kaw-Liga,Hank Williams,,2,224,3,0,224
1953,There Stands The Glass,Webb Pierce,,2,114,3,0,114
1953,Mexican Joe,Jim Reeves,,2,256,3,0,256
1953,It's Been So Long,Webb Pierce,,2,142,3,0,142
1953,Hey Joe,Carl Smith,,2,220,3,0,220
1953,I Forgot More Than You'll Ever Know,The Davis Sisters,,3,96,3,0,96
1953,Your Cheatin' Heart,Hank Williams,,2,128,3,0,128
1953,A Dear John Letter,Jean Shephard,Ferlin Huskey,2,115,3,0,115
1953,No Help Wanted,The Carlisles,,2,206,3,0,206
1953,Take These Chains From My Heart,Hank Williams,,2,130,3,0,130
1954,I Don't Hurt Anymore,Hank Snow,,2,96,3,0,96
1954,Slowly,Webb Pierce,,2,111,3,0,111
1954,More And More,Webb Pierce,,2,116,3,0,116
1954,Bimbo,Jim Reeves,,2,178,3,0,178
1954,Wake Up Irene,Hank Thompson,,2,224,2,2,
1954,(Oh Baby Mine) I Get So Lonely,Johnnie & Jack,,2,252,3,0,252
1954,Even Tho,Webb Pierce,,2,174,3,0,174
1954,I Really Don't Want To Know,Eddy Arnold,,3,76,3,0,76
1954,One By One,Kitty Wells,Red Foley,2,146,3,0,146
1954,You Better Not Do That,Tommy Collins,,2,204,3,0,204
1955,In The Jailhouse Now,Webb Pierce,,2,160,3,0,160
1955,Love Love Love,Webb Pierce,,2,144,3,0,144
1955,I Don't Care,Webb Pierce,,2,154,3,0,154
1955,Sixteen Tons,Tennessee Ernie Ford,,2,144,3,0,144
1955,Loose Talk,Carl Smith,,2,230,3,0,230
1955,Live Fast Love Hard Die Young,Faron Young,,2,163,3,0,163
1955,A Satisfied Mind,Porter Wagoner,,3,114,3,0,114
1955,Let Me Go Lover,Hank Snow,,3,86,3,0,86
1955,The Cattle Call,Eddy Arnold,,3,158,3,0,158
1955,That Do Make It Nice,Eddy Arnold,,2,102,3,0,102
1956,Crazy Arms,Ray Price,,2,116,3,0,116
1956,Heartbreak Hotel,Elvis Presley,,2,92,3,0,92
1956,Singing The Blues,Marty Robbins,,2,143,3,0,143
1956,Don't Be Cruel,Elvis Presley,,2,168,3,0,168
1956,Hound Dog,Elvis Presley,,2,175,3,0,175
1956,I Walk The Line,Johnny Cash,,2,197,3,0,197
1956,I Forgot To Remember To Forget,Elvis Presley,,2,113,3,0,113
1956,Why Baby Why,Red Sovine,Webb Pierce,2,152,3,0,152
1956,Blue Suede Shoes,Carl Perkins,,2,169,3,0,169
1956,I Don't Believe You've Met My Baby,The Louvin Brothers,,2,232,3,0,232
1957,Gone,Ferlin Husky,,2,73,3,2,73
1957,Young Love,Sonny James,,2,96,3,0,96
1957,Four Walls,Jim Reeves,,3,96,3,2,96
1957,Wake Up Little Susie,The Everly Brothers,,2,188,3,0,188
1957,Bye Bye Love,The Everly Brothers,,2,168,3,0,168
1957,There You Go,Johnny Cash,,2,206,3,0,206
1957,A White Sport Coat (And A Pink Carnation),Marty Robbins,,2,114,3,0,114
1957,Fraulein,Bobby Helms,,2,120,3,0,120
1957,My Shoes Keep Walking Back To You,Ray Price,,2,122,3,0,122
1957,My Special Angel,Bobby Helms,,2,76,3,2,76
1958,City Lights,Ray Price,,2,111,3,0,111
1958,Alone With You,Faron Young,,2,212,3,0,212
1958,Squaws Along The Yukon,Hank Thompson,,2,203,3,0,203
1958,Pick Me Up On Your Way Down,Charlie Walker,,2,150,3,0,150
1958,The Ways Of A Woman In Love,Johnny Cash,,2,182,3,0,182
1958,Blue Boy,Jim Reeves,,2,100,3,0,100
1958,All Over Again,Johnny Cash,,2,216,3,0,216
1958,Give Myself A Party,Don Gibson,,2,112,3,0,112
1958,You're The Nearest Thing To Heaven,Johnny Cash,,2,162,3,0,162
1958,Treasure Of Love,George Jones,,2,110,3,0,110
1959,Bird Dog,The Everly Brothers,,2,131,2,2,
1959,Billy Bayou,Jim Reeves,,2,168,3,0,168
1959,Don't Take Your Guns To Town,Johnny Cash,,2,171,3,0,171
1959,When It's Springtime In Alaska (It's Forty Below),Johnny Horton,,2,169,2,2,
1959,White Lightning,George Jones,,2,153,2,2,
1959,Waterloo,Stonewall Jackson,,2,204,3,0,204
1959,Home ,Jim Reeves,,2,174,3,0,174
1959,Country Girl,Faron Young,,2,128,3,0,128
1959,The Same Old Me,Ray Price,,2,132,3,0,132
1959,El Paso,Marty Robbins,,3,210,3,0,210
1960,"Please Help Me, I'm Falling In Love",Hank Locklin,,2,108,3,0,108
1960,He'll Have To Go,Jim Reeves,,3,81,3,0,81
1960,Alabam,Cowboy Copas,,2,214,3,0,214
1960,Wings Of A Dove,Ferlin Husky,,3,184,3,0,184
1960,I Love You Because,Johnny Cash,,2,124,3,0,124
1960,Little Angel (Come Roch Me To Sleep),Ted Self,,2,213,3,0,213
1960,The Old Lamplighter,The Browns,,2,92,3,0,92
1960,Until Today,Elmer Snodgrass,,2,115,3,0,115
1960,Dead Or Alive,Bill Anderson,,2,198,3,0,198
1960,I Wish You Love,Billy Walker,,3,72,3,0,72
1961,Walk On By,Leroy Van Dyke,,2,133,3,0,133
1961,Don't Worry,Marty Robbins,,2,103,3,0,103
1961,Hello Walls,Faron Young,,2,102,3,0,102
1961,Tender Years,George Jones,,3,92,3,0,92
1961,North To Alaska,Johnny Horton,,2,166,2,2,
1961,Heartbreak Usa,Kitty Wells,,2,117,3,0,117
1961,I Fall To Pieces,Patsy Cline,,2,113,3,0,113
1961,Big Bad John,Jimmy Dean,,2,174,3,0,174
1961,Forget The Past,Faron Young,,2,140,3,0,140
1961,Lonelyville,Ray Sanders,,2,138,3,0,138
1962,Wolverton Mountain,Claude King,,2,157,3,0,157
1962,Devil Woman,Marty Robbins,,2,146,2,2,
1962,Mama Sang A Song,Bill Anderson,,2,93,3,0,93
1962,She's Got You,Patsy Cline,,2,61,3,2,61
1962,She Thinks I Still Care,George Jones,,2,115,3,0,115
1962,Misery Loves Company,Porter Wagoner,,2,63,3,3,189
1962,Charlie's Shoes,Billy Walker,,2,143,3,0,143
1962,I've Been Everywhere,Hank Snow,,2,246,3,0,246
1962,That's My Pa,Sheb Wooley,,2,232,3,0,232
1962,Adios Amigo,Jim Reeves,,3,81,3,2,81
1963,Don't Let Me Cross Over,Carl & Pearl Butler,,3,114,3,0,114
1963,Love's Gonna Live Here,Buck Owens,,2,184,3,0,184
1963,Still,Bill Anderson,,2,95,3,0,95
1963,Ring Of Fire,Johnny Cash,,2,208,3,0,208
1963,Lonesome 7-7203,Hawkshaw Hawkins,,2,117,3,0,117
1963,Act Naturally,Buck Owens,,2,186,3,0,186
1963,The Ballad Of Jed Clampett,Lester Flatt,Earl Scruggs,2,276,3,0,138
1963,Abilene,George Hamilton IV,,2,104,3,0,104
1963,Ruby Ann,Marty Robbins,,2,157,3,0,157
1963,Talk Back Trembling Lips,Ernest Ashworth,,2,135,3,0,135
1964,I Guess I'm Crazy,Jim Reeves,,2,94,3,0,94
1964,Understand Your Man,Johnny Cash,,2,184,3,0,184
1964,My Heart Skips A Beat,Buck Owens,,2,174,3,0,174
1964,Dang Me,Roger Miller,,2,200,3,0,200
1964,I Don't Care (Just As Long As You Love Me),Buck Owens,,2,170,3,0,170
1964,Love's Gonna Live Here,Buck Owens,,2,184,3,0,184
1964,Once A Day,Connie Smith,,2,137,3,0,137
1964,Saginaw Michigan,Lefty Frizzell,,2,145,2,2,
1964,Begging To You,Marty Robbins,,2,86,3,0,86
1964,Together Again,Buck Owens,,2,77,3,0,77
1965,What's He Doin' In My World,Eddy Arnold,,2,70,3,2,70
1965,King Of The Road,Roger Miller,,2,118,3,0,118
1965,You're The Only World I Know,Sonny James,,2,121,3,0,121
1965,Make The World Go Away,Eddy Arnold,,2,69,3,3,207
1965,Hello Vietnam,Johnnie Wright,,2,116,3,0,116
1965,Is It Really Over?,Jim Reeves,,2,81,2,2,
1965,Behind The Tear,Sonny James,,2,109,3,0,109
1965,I've Got A Tiger By The Tail,Buck Owens,,2,194,3,0,194
1965,May The Bird Of Paradise Fly Up Your Nose,Little Jimmy Dickens,,2,208,3,0,208
1965,The First Thing Ev'ry Morning (And The Last Thing Ev'ry Night),Jimmy Dean,,2,113,3,0,113
1966,Almost Persuaded,David Houston,,3,83,3,0,83
1966,Waitin' In Your Welfare Line,Buck Owens,,2,119,3,0,119
1966,Giddyup Go,Red Sovine,,2,87,3,0,87
1966,I Want To Go With You,Eddy Arnold,,2,74,3,2,74
1966,Think Of Me,Buck Owens,,2,136,2,2,
1966,Distant Drums,Jim Reeves,,2,96,2,2,
1966,Somebody Like Me,Eddy Arnold,,2,119,3,0,119
1966,Open Up Your Heart,Buck Owens,,2,188,3,0,188
1966,There Goes My Everything,Jack Greene,,2,93,3,0,93
1966,Take Good Care Of Her,Sonny James,,2,106,3,0,106
1967,It's The Little Things,Sonny James,,2,107,3,0,107
1967,All The Time,Jack Greene,,2,100,2,3,200
1967,I'll Never Find Another You,Sonny James,,2,293,3,0,293
1967,Sam's Place,Buck Owens,,2,182,3,0,182
1967,Where Does The Good Times Go,Buck Owens,,2,184,3,0,184
1967,I Don't Wanna Play House,Tammy Wynette,,2,101,3,0,101
1967,My Elusive Dreams,David Houston,Tammy Wynette,2,103,2,2,
1967,Walk Through This World With Me,George Jones,,2,94,3,0,94
1967,Lonely Again,Eddy Arnold,,2,72,3,2,72
1967,Need You,Sonny James,,2,102,3,0,102
1968,Skip A Rope,Henson Cargill,,2,146,3,0,146
1968,A World Of Our Own,Sonny James,,2,304,3,0,304
1968,Sing Me Back Home,Merle Haggard,,2,108,2,2,
1968,How Long Will My Baby Be Gone,Buck Owens and his Buckaroos,,2,212,3,0,212
1968,You Are My Treasure,Jack Greene,,2,90,3,0,90
1968,Fist City,Loretta Lynn,,2,156,3,0,156
1968,The Legend Of Bonnie And Clyde,Merle Haggard,,2,235,3,0,235
1968,Have A Little Faith,David Houston,,2,135,3,0,135
1968,I Wanna Live,Glen Campbell,,3,140,3,0,140
1968,Honey,Bobby Goldsboro,,2,93,2,2,
1969,Daddy Sang Bass,Johnny Cash,,2,195,3,0,195
1969,A Boy Name Sue,Johnny Cash,,2,212,3,0,212
1969,Okie From Muskogee,Merle Haggard,,2,140,2,2,
1969,Only The Lonely,Sonny James,,2,104,2,2,
1969,Running Bear,Sonny James,,2,120,2,3,240
1969,Since I Met You Baby,Sonny James,,2,82,3,0,82
1969,Galveston,Glen Campbell,,2,119,2,2,
1969,(I'm So) Afraid Of Losing You Again,Charley Pride,,2,98,3,0,98
1969,My Life (Throw It Away If I Want To),Bill Anderson,,2,226,3,0,226
1969,Singing My Song,Tammy Wynette,,2,114,3,0,114
1970,"Baby, Baby (I Know You're A Lady)",David Houston,,2,85,2,3,170
1970,It's Just A Matter Of Time,Sonny James,,2,76,3,0,76
1970,Hello Darlin',Conway Twitty,,3,83,3,0,83
1970,Don't Keep Me Hangin' On,Sonny James,,3,113,3,0,113
1970,The Fightin' Side Of Me,Merle Haggard,,2,191,3,0,191
1970,My Love,Sonny James,,2,296,2,2,
1970,He Loves Me All The Way,Tammy Wynette,,2,173,3,0,173
1970,Endlessly,Sonny James,,2,296,2,2,
1970,A Week In A Country Jail,Tom T. Hall,,2,230,3,0,230
1970,Tennessee Bird Walk,Jack Blanchard,Misty Morgan,2,130,2,2,
1971,When You're Hot You're Hot,Jerry Reed,,2,101,2,2,
1971,Empty Arms,Sonny James,,2,88,3,0,88
1971,I'm Just Me,Charley Pride,,2,143,2,2,
1971,Kiss An Angel Good Mornin',Charley Pride,,2,132,2,2,
1971,Easy Loving,Freddie Hart,,2,91,2,2,
1971,Rose Garden,Lynn Anderson,,2,132,2,2,
1971,Help Me Make It Through The Night,Sammi Smith,,2,78,2,2,
1971,I'd Rather Love You,Charley Pride,,2,104,3,0,104
1971,I Won't Mention It Again,Ray Price,,2,80,3,0,80
1971,How Can I Unlove You,Lynn Anderson,,2,142,2,2,
1972,My Hang-Up Is You,Freddie Hart,,2,93,2,2,
1972,Carolyn,Merle Haggard,,2,93,2,2,
1972,Chantilly Lace,Jerry Lee Lewis,,2,186,2,2,
1972,The Happiest Girl In The Whole U.S.A.,Donna Fargo,,2,65,3,2,65
1972,It's Gonna Take A Little Bit Longer,Charley Pride,,2,156,2,2,
1972,She's Too Good To Be True,Charley Pride,,2,110,3,0,110
1972,Funny Face,Donna Fargo,,3,97,3,0,97
1972,Got The All Overs For You (All Over Me),Freddie Hart,,2,90,2,2,
1972,Grandma Harp,Merle Haggard,,2,206,2,2,
1972,Eleven Roses,Hank Williams Jr.,,2,94,2,2,
1973,Satin Sheets,Jeanne Pruett,,2,99,3,0,99
1973,You've Never Been This Far Before,Conway Twitty,,2,133,3,0,133
1973,The Most Beautiful Girl,Charlie Rich,,2,103,2,2,
1973,She's Got To Be A Saint,Ray Price,,2,89,3,0,89
1973,She Needs Someone To Hold Her (When She Cries),Conway Twitty,,2,110,3,0,110
1973,The Teddy Bear Song,Barbara Fairchild,,2,138,2,2,
1973,Behind Closed Doors,Charlie Rich,,2,84,3,0,84
1973,Love Is The Foundation,Loretta Lynn,,2,92,2,2,
1973,Everybody's Had The Blues,Merle Haggard,,2,105,3,0,105
1973,Ridin' My Thumb To Mexico,Johnny Rodriguez,,2,180,2,2,
1974,A Very Special Love Song,Charlie Rich,,2,77,2,3,154
1974,If We Make It Through December,Merle Haggard,,2,190,3,0,190
1974,I Love,Tom T. Hall,,2,91,2,2,
1974,Another Lonely Song,Tammy Wynette,,2,77,2,2,
1974,There Won't Be Anymore,Charlie Rich,,2,103,3,0,103
1974,He Thinks I Still Care,Anne Murray,,2,102,3,0,102
1974,Rub It In,"Billy ""Crash"" Craddock",,2,116,2,2,
1974,Please Don't Tell Me How The Story Ends,Ronnie Milsap,,2,84,2,2,
1974,I See The Want To In Your Eyes,Conway Twitty,,2,97,2,2,
1974,I Can Help,Billy Swan,,2,125,3,2,125
1975,Rhinestone Cowboy,Glen Campbell,,2,115,2,2,
1975,Before The Next Teardrop Falls,Freddy Fender,,2,92,2,2,
1975,Always Wanting You,Merle Haggard,,2,97,2,2,
1975,Touch The Hand,Conway Twitty,,3,81,3,0,81
1975,Wasted Days And Wasted Nights,Freddy Fender,,2,89,3,2,89
1975,Daydreams About Night Things,Ronnie Milsap,,2,139,2,2,
1975,Blue Eyes Crying In The Rain,Willie Nelson,,2,118,3,0,118
1975,Convoy,C. W. McCall,,2,112,2,2,
1975,The Door,George Jones,,2,88,3,0,88
1975,Ruby Baby,"Billy ""Crash"" Craddock",,2,127,3,0,127
1976,Good Hearted Woman,Waylon Jennings,Willie Nelson,2,207,2,2,
1976,Teddy Bear,Red Sovine,,2,112,3,0,112
1976,One Piece At A Time,Johnny Cash,,2,202,3,0,202
1976,El Paso City,Marty Robbins,,2,107,2,2,
1976,(I'm A) Stand By My Woman Man,Ronnie Milsap,,2,120,3,0,120
1976,I Don't Want To Have To Marry You,Jim Ed Brown,Helen Cornelius,2,78,3,0,78
1976,You And Me,Tammy Wynette,,2,77,2,2,
1976,Somebody Somewhere (Don't Know What He's Missin' Tonight),Loretta Lynn,,2,96,3,0,96
1976,Good Woman Blues,Mel Tillis,,2,218,3,0,218
1976,Thinkin' Of A Rendezvous,Johnny Duncan,,2,128,2,2,
1977,"Luckenbach, Texas (Back To The Basics Of Love)",Waylon Jennings,,2,103,2,2,
1977,Here You Come Again,Dolly Parton,,2,106,3,2,106
1977,Don't Make It Brown My Eyes Blue,Crystal Gayle,,2,84,3,0,84
1977,Heaven's Just A Sin Away,The Kendalls,,2,155,3,0,155
1977,It Was Almost Like A Song,Ronnie Milsap,,2,74,2,2,
1977,Near You,George Jones,Tammy Wynette,2,98,3,0,98
1977,Southern Nights,Glen Campbell,,2,95,2,3,190
1977,Lucille,Kenny Rogers,,3,142,3,0,142
1977,Rollin' With The Flow,Charlie Rich,,2,95,2,2,
1977,The Wurlitzer Prize (I Don't Want To Get Over You),Waylon Jennings,,2,117,3,0,117
1978,Mammas Don't Let Your Babies Grow Up To Be Cowboys,Waylon Jennings,Willie Nelson,2,63,3,3,188
1978,Only One Love In My Life,Ronnie Milsap,,2,87,2,2,
1978,I've Always Been Crazy,Waylon Jennings,,2,110,2,3,220
1978,Heartbreaker,Dolly Parton,,2,68,2,2,
1978,Sleeping Single In A Double Bed,Barbara Mandrell,,2,139,2,2,
1978,The Gambler,Kenny Rogers,,2,88,2,3,176
1978,Take This Job And Shove It,Johnny Paycheck,,2,137,3,0,137
1978,Out Of My Head And Back In My Bed,Loretta Lynn,,2,133,3,0,133
1978,Don't Break The Heart That Loves You,Margo Smith,,2,81,3,0,81
1978,Someone Loves You Honey,Charley Pride,,2,76,2,2,
1979,Every Which Way But Loose,Eddie Rabbitt,,2,66,2,2,
1979,Golden Tears,Dave & Sugar,,2,90,2,3,90
1979,I Just Fall In Love Again,Anne Murray,,2,66,2,2,
1979,If I Said You Had A Beautiful Body Would You Hold It Against Me,The Bellamy Brothers,,2,117,2,2,
1979,Amanda,Waylon Jennings,,3,126,3,0,126
1979,Happy Birthday Darlin',Conway Twitty,,2,91,2,2,
1979,Why Have You Left The One You Left Me For,Crystal Gayle,,2,146,2,2,
1979,She Believes In Me,Kenny Rogers,,2,74,2,2,
1979,You're The Only One,Dolly Parton,,2,62,2,2,
1979,Last Cheater's Waltz,T. G. Sheppard,,3,98,3,0,98
1980,Coward Of The County,Kenny Rogers,,2,91,2,3,182
1980,My Heart,Ronnie Milsap,,2,96,2,2,
1980,Lookin' For Love,Johnny Lee,,2,124,2,2,
1980,I'll Be Coming Back For More,T. G. Sheppard,,2,92,2,2,
1980,My Heroes Have Always Been Cowboys,Willie Nelson,,3,115,3,0,115
1980,I Believe In You,Don Williams,,2,79,3,0,79
1980,Leaving Louisiana In The Broad Daylight,The Oak Ridge Boys,,2,96,2,3,192
1980,Love Me Over Again,Don Williams,,2,99,2,2,
1980,Years,Barbara Mandrell,,2,82,2,2,
1980,I Ain't Living Long Like This,Waylon Jennings,,2,145,2,2,
1981,Feels So Right,Alabama,,2,90,2,2,
1981,I Don't Need You,Kenny Rogers,,2,68,2,2,
1981,(There's) No Gettin' Over Me,Ronnie Milsap,,2,100,2,2,
1981,Never Been So Loved (In All My Life),Charley Pride,,2,100,2,2,
1981,One In A Million,Johnny Lee,,2,120,2,2,
1981,I Think I'll Just Stay Here And Drink,Merle Haggard,,2,86,2,2,
1981,I Love A Rainy Night,Eddie Rabbitt,,2,131,3,0,131
1981,9 To 5,Dolly Parton,,2,105,2,2,
1981,I Feel Like Loving You Again,T. G. Sheppard,,2,63,2,2,
1981,I Keep Coming Back,Razzy Bailey,,2,69,2,2,
1982,Always On My Mind,Willie Nelson,,2,73,2,2,
1982,Just To Satisfy You,Waylon Jennings,Willie Nelson,2,149,2,2,
1982,Slow Hand,Conway Twitty,,2,107,2,2,
1982,She Got The Goldmine (I Got The Shaft),Jerry Reed,,2,222,2,2,
1982,Love In The First Degree / Ride The Train,Alabama,,2,104,2,2,
1982,Fourteen Carat Mind,Gene Watson,,2,194,2,2,
1982,I Wouldn't Have Missed It For The World,Ronnie Milsap,,2,114,2,2,
1982,Red Neckin' Love Makin' Night,Conway Twitty,,2,183,3,0,183
1982,The Sweetest Thing (I've Ever Known),Juice Newton,,2,77,2,2,
1982,Lonely Nights,Mickey Gilley,,2,78,2,2,
1983,Islands In The Stream,Kenny Rogers,,2,102,2,2,
1983,Houston (Means I'm One Day Closer To You),Larry Gatlin and the Gatlin Brothers,,2,143,3,0,143
1983,Wild And Blue,John Anderson,,2,52,3,3,157
1983,Can't Even Get The Blues,Reba McEntire,,2,122,2,2,
1983,Going Where The Lonely Go,Merle Haggard,,2,79,2,2,
1983,(Lost His Love) On Our Last Date,Emmylou Harris,,2,64,3,2,64
1983,Talk To Me,Mickey Gilley,,2,74,3,2,74
1983,Inside,Ronnie Milsap,,2,96,2,2,
1983,Til I Gain Control Again,Crystal Gayle,,2,99,2,2,
1983,Faking Love,T. G. Sheppard,Karen Brooks,2,75,2,2,
1984,To All The Girls I've Loved Before,Julio Iglesias,Willie Nelson,2,82,2,2,
1984,Why Not Me,The Judds,,2,126,2,2,
1984,You Look So Good In Love,George Strait,,3,115,3,0,115
1984,Slow Burn,T. G. Sheppard,,2,105,2,2,
1984,In My Eyes,John Conlee,,2,68.5,2,2,
1984,The Sound Of Goodbye,Crystal Gayle,,2,104,2,2,
1984,Show Her,Ronnie Milsap,,2,69,2,2,
1984,That's The Way Love Goes,Merle Haggard,,2,99,2,2,
1984,Don't Cheat In Our Hometown,Ricky Skaggs,,2,125,3,0,125
1984,Stay Young,Don Williams,,2,89,2,3,178
1985,Lost In The Fifties Tonight (In The Still Of The Night),Ronnie Milsap,,2,57,3,2,57
1985,Does Fort Worth Ever Cross Your Mind,George Strait,,2,112,3,0,112
1985,The Best Year Of My Life,Eddie Rabbitt,,2,72,2,2,
1985,How Blue,Reba McEntire,,2,87,2,3,174
1985,(There's A) Fire In The Night,Alabama,,2,128,2,2,
1985,A Place To Fall Apart,Merle Haggard,,2,72,2,3,144
1985,Ain't She Somethin' Else,Conway Twitty,,2,91,2,2,
1985,Make My Life With You,The Oak Ridge Boys,,2,73,2,2,
1985,Baby's Got Her Blue Jeans On,Mel McDaniel,,2,107,2,2,
1985,Baby Bye Bye,Gary Morris,,2,123,2,2,
1986,Mind Your Own Business,Hank Williams Jr.,Reba McEntire,2,164,3,0,164
1986,Have Mercy,The Judds,,2,123,2,2,
1986,Morning Desire,Kenny Rogers,,2,84,2,2,
1986,Bop,Dan Seals,,2,124,2,2,
1986,Never Be You,Rosanne Cash,,2,112,2,2,
1986,Just In Case,The Forester Sisters,,2,208,3,0,208
1986,Hurt,Juice Newton,,2,58.5,3,2,58.5
1986,Makin' Up For Lost Time (The Dallas Lovers' Song),Crystal Gayle,Gary Morris,2,112,2,2,
1986,There's No Stopping Your Heart,Marie Osmond,,2,117,2,2,
1986,You Can Dream Of Me,Steve Wariner,,2,110,2,2,
1987,Forever And Ever Amen,Randy Travis,,2,180,2,2,
1987,Give Me Wings,Michael Johnson,,2,77,2,2,
1987,What Am I Gonna Do About You,Reba McEntire,,2,79,2,2,
1987,Cry Myself To Sleep,The Judds,,2,115,2,2,
1987,You Still Move Me,Dan Seals,,2,61,2,2,
1987,Leave Me Lonely,Gary Morris,,2,56.5,2,2,
1987,How Do I Turn You On,Ronnie Milsap,,2,90,2,2,
1987,Straight To The Heart,Crystal Gayle,,2,174,3,0,174
1987,I Can't Win For Losin' You,Earl Thomas Conley,,2,65,3,2,65
1987,Mornin' Ride,Lee Greenwood,,2,84,2,3,168
1988,Eighteen Wheels And A Dozen Roses,Kathy Mattea,,2,139,2,2,
1988,I Told You So,Randy Travis,,2,79,2,2,
1988,I'll Leave This World Loving You,Ricky Van Shelton,,2,87,2,2,
1988,When You Say Nothing At All,Keith Whitley,,2,80,2,2,
1988,Somewhere Tonight,Highway 101,,2,130,3,0,130
1988,I Can't Get Close Enough,Exile,,2,118,2,2,
1988,One Friend,Dan Seals,,2,63,2,2,
1988,Where Do The Nights Go,Ronnie Milsap,,2,73,2,2,
1988,Goin' Gone,Kathy Mattea,,2,130,2,2,
1988,Wheels,Restless Heart,,2,146,2,2,
1989,I'm No Stranger To The Rain,Keith Whitley,,2,88,2,2,
1989,The Church On Cumberland Road,Shenandoah,,2,150,2,2,
1989,Hold Me,K. T. Oslin,,2,88,2,2,
1989,Change Of Heart,The Judds,,2,54,3,3,162
1989,She's Crazy For Leavin',Rodney Crowell,,2,189,3,0,189
1989,Deeper Than The Holler,Randy Travis,,2,143,2,2,
1989,What I'd Say,Earl Thomas Conley,,2,59,2,2,
1989,Song Of The South,Alabama,,2,81,2,2,
1989,Big Wheels In The Moonlight,Dan Seals,,2,134,2,2,
1989,I Sang Dixie,Dwight Yoakam,,2,115,2,2,
1990,Love Without End Amen,George Strait,,2,88,2,2,
1990,Hard Rock Bottom Of Your Heart,Randy Travis,,2,164,2,2,
1990,Jukebox In My Mind,Alabama,,2,115,3,2,115
1990,Friends In Low Places,Garth Brooks,,2,109,2,2,
1990,I've Come To Expect It From You,George Strait,,2,153,2,2,
1990,Nobody's Home,Clint Black,,2,105,2,2,
1990,Love On Arrival,Dan Seals,,2,196,2,2,
1990,The Dance,Garth Brooks,,2,68,2,2,
1990,Next To You Next To Me,Shenandoah,,2,189,3,0,189
1990,On Second Thought,Eddie Rabbitt,,2,130,3,0,130
1991,Down Home,Alabama,,2,155,2,2,
1991,Don't Rock The Jukebox,Alan Jackson,,2,148,3,2,148
1991,You Know Me Better Than That,George Strait,,2,183,2,2,
1991,Unanswered Prayers,Garth Brooks,,2,74,2,2,
1991,Brother Jukebox,Mark Chesnutt,,2,141,2,2,
1991,Walk On Faith,Mike Reid,,2,154,2,2,
1991,I'd Love You All Over Again,Alan Jackson,,3,85,3,0,85
1991,Loving Blind,Clint Black,,2,81,2,2,
1991,If I Know Me,George Strait,,2,67,2,2,
1991,Meet In The Middle,Diamond Rio,,2,91,2,3,182
1992,Achy Breaky Heart,Billy Ray Cyrus,,2,122,2,2,
1992,What She's Doing Now,Garth Brooks,,2,82,2,2,
1992,Boot Scootin' Boogie,Brooks & Dunn,,2,130,3,0,130
1992,No One Else On Earth,Wynonna,,2,99,2,2,
1992,Love Me,Collin Raye,,2,53,2,2,
1992,There Ain't Nothin' Wrong With The Radio,Aaron Tippin,,2,131,2,2,
1992,I Saw The Light,Wynonna,,2,151,2,2,
1992,A Jukebox With A Country Song,Doug Stone,,2,112,3,0,112
1992,Is There Life Out There,Reba McEntire,,2,97,2,3,194
1992,Neon Moon,Brooks & Dunn,,2,102,2,3,204
1993,Chattahoochee,Alan Jackson,,2,175,2,2,
1993,What Part Of No,Lorrie Morgan,,2,130,2,2,
1993,I Love The Way You Love Me,John Michael Montgomery,,2,81,2,2,
1993,Don't Let Our Love Start Slippin' Away,Vince Gill,,2,113,2,2,
1993,Look Heart No Hands,Randy Travis,,2,100,2,2,
1993,Can I Trust You With My Heart,Travis Tritt,,2,71,2,2,
1993,When My Ship Comes In,Clint Black,,2,131,2,2,
1993,The Heart Won't Lie,Reba McEntire,Vince Gill,2,68,2,2,
1993,Alibis,Tracy Lawrence,,3,108,3,0,108
1993,Should've Been A Cowboy,Toby Keith,,2,133,2,2,
1994,Wild One,Faith Hill,,2,136,2,2,
1994,I Swear,John Michael Montgomery,,2,86,2,2,
1994,Wink,Neal McCoy,,2,118,2,2,
1994,Summertime Blues,Alan Jackson,,2,160,2,2,
1994,Livin' On Love,Alan Jackson,,2,119,2,2,
1994,Pickup Man,Joe Diffie,,2,140,3,2,140
1994,No Doubt About It,Neal McCoy,,2,72.5,2,2,
1994,My Love,Little Texas,,2,94,2,2,
1994,If The Good Die Young,Tracy Lawrence,,2,156,2,2,
1994,Don't Take The Girl,Tim McGraw,,2,52,2,2,
1995,"I Like It, I Love It",Tim McGraw,,2,124,2,2,
1995,Check Yes Or No,George Strait,,2,110,2,2,
1995,I Can Love You Like That,John Michael Montgomery,,2,44.5,2,2,
1995,Summer's Comin',Clint Black,,2,156,2,2,
1995,Sold (The Grundy County Auction Incident),John Michael Montgomery,,2,232,2,2,
1995,Not A Moment Too Soon,Tim McGraw,,2,60.5,2,2,
1995,Mi Vida Loca (My Crazy Life),Pam Tillis,,2,90,2,2,
1995,Old Enough To Know Better,Wade Hayes,,2,166,2,2,
1995,This Woman And This Man,Clay Walker,,2,74,2,2,
1995,Thinkin' About You,Trisha Yearwood,,2,92,2,2,
1996,It Matters To Me,Faith Hill,,2,68,2,2,
1996,No News,Lonestar,,2,116,2,2,
1996,My Maria,Brooks & Dunn,,2,126,2,2,
1996,Time Marches On,Tracy Lawrence,,2,118,2,2,
1996,Carried Away,George Strait,,2,68,2,2,
1996,Like The Rain,Clint Black,,2,80,2,2,
1996,Little Bitty,Alan Jackson,,2,163,2,2,
1996,(If You're Not In It For Love) I'm Outta Here,Shania Twain,,2,120,2,2,
1996,Bigger Than The Beatles,Joe Diffie,,2,120,2,2,
1996,You Can Feel Bad,Patty Loveless,,2,121,2,2,
1997,It's Your Love,Tim McGraw,Faith Hill,2,72,2,2,
1997,One Night At A Time,George Strait,,2,113,2,2,
1997,Love Gets Me Every Time,Shania Twain,,2,123,2,2,
1997,Nobody Knows,Kevin Sharp,,2,88,2,2,
1997,Carrying Your Love With Me,George Strait,,2,69,2,2,
1997,She's Got It All,Kenny Chesney,,2,132,2,2,
1997,How Your Love Makes Me Feel,Diamond Rio,,2,141,2,2,
1997,It's A Little Too Late,Mark Chesnutt,,2,173,2,2,
1997,We Danced Anyway,Deana Carter,,2,94,2,2,
1997,Rumor Has It,Clay Walker,,2,123,2,2,
1998,Just To See You Smile,Tim McGraw,,2,189,2,2,
1998,Where The Green Grass Grows,Tim McGraw,,2,80,2,2,
1998,Wide Open Spaces,Dixie Chicks,,2,90,2,3,180
1998,This Kiss,Faith Hill,,2,94,2,2,
1998,I Just Want To Dance With You,George Strait,,2,114,2,2,
1998,I'm Alright,Jo Dee Messina,,2,98,2,2,
1998,How Long Gone,Brooks & Dunn,,2,114,2,2,
1998,Round About Way,George Strait,,2,160,2,2,
1998,Nothin' But The Taillights,Clint Black,,2,155,2,2,
1998,Perfect Love,Trisha Yearwood,,2,130,2,2,
1999,Amazed,Lonestar,,2,70,2,2,
1999,How Forever Feels,Kenny Chesney,,2,125,2,2,
1999,Please Remember Me,Tim McGraw,,2,76,2,2,
1999,Something Like That,Tim McGraw,,2,86,2,3,172
1999,I Love You,Martina McBride,,2,107,2,2,
1999,Write This Down,George Strait,,2,124,2,2,
1999,Stand Beside Me,Jo Dee Messina,,2,100,2,2,
1999,You're Easy On The Eyes,Terri Clark,,2,126,2,2,
1999,I Don't Want To Miss A Thing,Mark Chesnutt,,2,61,2,2,
1999,You Were Mine,Dixie Chicks,,2,70,2,2,
2000,Breathe,Faith Hill,,2,68,2,2,
2000,How Do You Like Me Now?!,Toby Keith,,2,110,2,2,
2000,I Hope You Dance,Lee Ann Womack,Sons of the Desert,2,76,2,2,
2000,The Way You Love Me,Faith Hill,,2,102,2,2,
2000,What About Now,Lonestar,,2,126,2,2,
2000,That's The Way,Jo Dee Messina,,2,96,2,2,
2000,Cowboy Take Me Away,Dixie Chicks,,2,82,2,2,
2000,The Best Day,George Strait,,2,66,2,2,
2000,Yes!,Chad Brock,,2,127,2,2,
2000,The Little Girl,John Michael Montgomery,,2,84,2,2,
2001,Ain't Nothing 'bout You,Brooks & Dunn,,2,100,2,2,
2001,I'm Already There,Lonestar,,2,67,2,2,
2001,Austin,Blake Shelton,,2,60,2,2,
2001,I Wanna Talk About Me,Toby Keith,,2,106,2,3,212
2001,You Shouldn't Kiss Me Like This,Toby Keith,,2,84,2,2,
2001,Who I Am,Jessica Andrews,,2,84,2,2,
2001,What I Really Meant To Say,Cyndi Thomson,,2,70,2,2,
2001,Where I Come From,Alan Jackson,,2,124,2,2,
2001,My Next Thirty Years,Tim McGraw,,2,99,2,2,
2001,Tell Her,Lonestar,,2,63,2,2,
2002,The Good Stuff,Kenny Chesney,,2,72,2,3,144
2002,Drive (For Daddy Gene),Alan Jackson,,2,125,2,2,
2002,Living And Living Well,George Strait,,2,121,2,2,
2002,Good Morning Beautiful,Steve Holy,,2,71,2,2,
2002,I Miss My Friend,Darryl Worley,,2,70,2,2,
2002,My List,Toby Keith,,2,87,2,2,
2002,I Don't Have To Be Me ('til Monday),Steve Azar,,2,85,2,2,
2002,Beautiful Mess,Diamond Rio,,2,88,2,3,177
2002,Blessed,Martina McBride,,2,115,2,2,
2002,The Impossible,Joe Nichols,,2,78,2,2,
2003,My Front Porch Looking In,Lonestar,,2,102,2,2,
2003,Beer For My Horses,Toby Keith,Willie Nelson,2,119,2,2,
2003,19 Somethin',Mark Wills,,2,90,2,2,
2003,It's Five O'Clock Somewhere,Alan Jackson,Jimmy Buffett,2,125,2,2,
2003,Red Dirt Road,Brooks & Dunn,,2,136,2,2,
2003,What Was I Thinkin',Dierks Bentley,,2,165,2,2,
2003,I Believe,Diamond Rio,,2,65,2,2,
2003,Brokenheartsville,Joe Nichols,,2,104,2,2,
2003,Real Good Man,Tim McGraw,,2,90,2,2,
2003,Celebrity,Brad Paisley,,2,124,2,2,
2004,Live Like You Were Dying,Tim McGraw,,2,80,2,2,
2004,Remember When,Alan Jackson,,2,63,2,2,
2004,You'll Think Of Me,Keith Urban,,2,83,2,2,
2004,When The Sun Goes Down,Kenny Chesney,Uncle Kracker,2,105,2,2,
2004,Letters From Home,John Michael Montgomery,,2,128,2,2,
2004,American Soldier,Toby Keith,,2,82,2,2,
2004,Mayberry,Rascal Flatts,,2,88,2,2,
2004,Suds In The Bucket,Sara Evans,,2,162,2,2,
2004,Watch The Wind Blow By,Tim McGraw,,2,63,2,3,126
2004,Days Go By,Keith Urban,,2,132,2,2,
2005,That's What I Love About Sunday,Craig Morgan,,2,70,2,2,
2005,As Good As I Once Was,Toby Keith,,2,119,2,2,
2005,Bless The Broken Road,Rascal Flatts,,2,68,2,2,
2005,Something More,Sugarland,,2,102,2,2,
2005,Fast Cars And Freedom,Rascal Flatts,,2,118,2,2,
2005,Nothin' To Lose,Josh Gracin,,2,121,2,2,
2005,Baby Girl,Sugarland,,2,82,2,2,
2005,Making Memories Of Us,Keith Urban,,2,104,2,2,
2005,Mississippi Girl,Faith Hill,,2,84,2,2,
2005,Gone,Montgomery Gentry,,2,119,2,2,
2006,If You're Going Through Hell (Before The Devil Even Knows),Rodney Atkins,,2,116,2,2,
2006,The World,Brad Paisley,,2,176,2,2,
2006,Summertime,Kenny Chesney,,2,84,2,2,
2006,What Hurts The Most,Rascal Flatts,,2,68,2,2,
2006,"Jesus, Take The Wheel",Carrie Underwood,,2,77,2,2,
2006,Would You Go With Me,Josh Turner,,2,246,2,2,
2006,Tonight I Wanna Cry,Keith Urban,,2,52,2,2,
2006,Leave The Pieces,The Wreckers,,2,82,2,2,
2006,Who Says You Can't Go Home,Bon Jovi,Jennifer Nettles,2,132,2,2,
2006,Why,Jason Aldean,,2,68,2,2,
2007,Watching You,Rodney Atkins,,2,138,2,2,
2007,Good Directions,Billy Currington,,2,122,3,0,122
2007,Never Wanted Nothing More,Kenny Chesney,,2,89,2,2,
2007,These Are My People,Rodney Atkins,,2,90,2,2,
2007,Take Me There,Rascal Flatts,,2,84,2,2,
2007,Lost In This Moment,Big & Rich,,2,74,2,2,
2007,Wasted,Carrie Underwood,,2,95,2,2,
2007,If You're Reading This,Tim McGraw,,2,72,2,2,
2007,Free And Easy (Down The Road I Go),Dierks Bentley,,2,121,2,2,
2007,Settlin',Sugarland,,2,121,2,2,
2008,Just Got Started Lovin' You,James Otto,,2,98,2,2,
2008,I Saw God Today,George Strait,,2,74,2,2,
2008,Small Town Southern Man,Alan Jackson,,2,133,2,2,
2008,Don't Think I Don't Think About It,Darius Rucker,,2,75,2,2,
2008,Home,Blake Shelton,,2,64,2,2,
2008,Love Is A Beautiful Thing,Phil Vassar,,2,81,2,2,
2008,You're Gonna Miss This,Trace Adkins,,2,77.5,2,2,
2008,I Still Miss You,Keith Anderson,,2,78,2,2,
2008,Cleaning This Gun (Come On In Boy),Rodney Atkins,,2,73,2,2,
2008,I'm Still A Guy,Brad Paisley,,3,55,3,3,164
2009,I Run To You,Lady Antebellum,,2,112,2,2,
2009,Whatever It Is,Zac Brown Band,,2,84,2,2,
2009,Boots On,Randy Houser,,2,112,2,2,
2009,It Won't Be Like This For Long,Darius Rucker,,2,72,2,2,
2009,River Of Love,George Strait,,2,79,2,2,
2009,Sideways,Dierks Bentley,,2,108,2,2,
2009,People Are Crazy,Billy Currington,,2,141,2,2,
2009,Alright,Darius Rucker,,2,90,2,3,180
2009,Sweet Thing,Keith Urban,,2,103,2,2,
2009,Big Green Tractor,Jason Aldean,,2,68,2,3,136
2010,Love Like Crazy,Lee Brice,,2,78,2,2,
2010,Rain Is A Good Thing,Luke Bryan,,2,108,2,2,
2010,Why Don't We Just Dance,Josh Turner,,2,122,3,0,122
2010,All Over Me,Josh Turner,,2,85,2,2,
2010,The Man I Want To Be,Chris Young,,2,71,2,2,
2010,Roll With It,Easton Corbin,,2,120,2,2,
2010,Gimmie That Girl,Joe Nichols,,2,81,2,2,
2010,All About Tonight,Blake Shelton,,2,118,2,2,
2010,Come Back Song,Darius Rucker,,2,89,2,2,
2010,She Won't Be Lonely Long,Clay Walker,,2,113,2,2,
2011,Crazy Girl,Eli Young Band,,2,51,3,2,
2011,Barefoot Blue Jean Night,Jake Owen,,2,86,2,2,
2011,Take A Back Road,Rodney Atkins,,2,85,2,2,
2011,Tomorrow,Chris Young,,2,71,2,2,
2011,You Lie,The Band Perry,,2,86,3,0,86
2011,Am I The Only One,Dierks Bentley,,2,83,2,2,
2011,You And Tequila,Kenny Chesney,Grace Potter,2,136,2,2,
2011,Honey Bee,Blake Shelton,,2,103,2,2,
2011,Just Fishin',Trace Adkins,,2,86,2,2,
2011,Let Me Down Easy,Billy Currington,,2,62,2,3,124
2012,Time Is Love,Josh Turner,,2,112,2,2,
2012,You Don't Know Her Like I Do,Brantley Gilbert,,2,75,2,2,
2012,Why Ya Wanna,Jana Kramer,,2,56,3,2,
2012,Cowboys And Angels,Dustin Lynch,,2,74,2,2,
2012,(Kissed You) Good Night,Gloriana,,2,119,2,2,
2012,Better Than I Used To Be,Tim McGraw,,2,69,2,2,
2012,Even If It Breaks Your Heart,Eli Young Band,,2,104,2,2,
2012,Lovin' You Is Fun,Easton Corbin,,2,110,3,0,110
2012,Springsteen,Eric Church,,2,103,2,2,
2012,Drunk On You,Luke Bryan,,2,72,2,2,
2013,Cruise,Florida Georgia Line,,2,76,2,2,
2013,Wagon Wheel,Darius Rucker,,2,148,3,0,148
2013,Boys 'Round Here,Blake Shelton,Pistol Annies and Friends,2,85,2,2,
2013,Crash My Party,Luke Bryan,,2,72,2,2,
2013,I Want Crazy,Hunter Hayes,,2,103,2,3,206
2013,Highway Don't Care,Tim McGraw,Taylor Swift,2,79,2,2,
2013,Get Your Shine On,Florida Georgia Line,,2,97,2,2,
2013,Mama's Broken Heart,Miranda Lambert,,2,224,3,0,224
2013,Sure Be Cool If You Did,Blake Shelton,,2,68,2,2,
2013,Runnin' Outta Moonlight,Randy Houser,,2,86,2,2,
2014,This Is How We Roll,Florida Georgia Line,Luke Bryan,2,66,2,2,
2014,Burnin' It Down,Jason Aldean,,2,68,2,2,
2014,Dirt,Florida Georgia Line,,2,61,2,2,
2014,Bottoms Up,Brantley Gilbert,,2,85,2,2,
2014,Play It Again,Luke Bryan,,2,72,2,2,
2014,American Kids,Kenny Chesney,,2,170,3,0,170
2014,Bartender,Lady Antebellum,,2,101,2,2,
2014,Drunk On A Plane,Dierks Bentley,,2,102,2,2,
2014,Leave The Night On,Sam Hunt,,2,86,2,2,
2014,Somethin' Bad,Miranda Lambert,Carrie Underwood,2,88,2,3,88
2015,Take Your Time,Sam Hunt,,2,79,2,2,
2015,Girl Crush,Little Big Town,,2,58,3,2,
2015,House Party,Sam Hunt,,2,104,2,2,
2015,Kick The Dust Up,Luke Bryan,,2,86,2,2,
2015,Crash And Burn,Thomas Rhett,,2,131,2,2,
2015,Sangria,Blake Shelton,,2,116,2,2,
2015,Homegrown,Zac Brown Band,,2,105,2,2,
2015,Buy Me A Boat,Chris Janson,,2,77,2,2,
2015,John Cougar John Deere John 3:16,Keith Urban,,2,85,2,2,
2015,Like A Wrecking Ball,Eric Church,,2,68,2,2,
2016,H.O.L.Y.,Florida Georgia Line,,2,78,2,2,
2016,Die A Happy Man,Thomas Rhett,,2,83,2,2,
2016,Humble And Kind,Tim McGraw,,2,50,3,2,
2016,Somewhere On A Beach,Dierks Bentley,,2,72,2,2,
2016,Head Over Boots,Jon Pardi,,2,110,3,0,110
2016,You Should Be Here,Cole Swindell,,2,68,2,2,
2016,Break Up In A Small Town,Sam Hunt,,2,69,2,2,
2016,My Church,Maren Morris,,2,78,2,3,156
2016,Came Here To Forget,Blake Shelton,,2,65,2,2,
2016,Peter Pan,Kelsea Ballerini,,2,77,2,2,
2017,Body Like A Back Road,Sam Hunt,,2,99,2,2,
2017,In Case You Didn't Know,Brett Young,,2,75,2,2,
2017,Hurricane,Luke Combs,,2,76,2,2,
2017,What Ifs,Kane Brown,Lauren Alaina,2,63,2,2,
2017,Small Town Boy,Dustin Lynch,,2,73,2,2,
2017,Dirt On My Boots,Jon Pardi,,2,90,2,3,180
2017,The Fighter,Keith Urban,Carrie Underwood,2,135,2,2,
2017,Craving You,Thomas Rhett,Maren Morris,2,106,2,2,
2017,You Look Good,Lady Antebellum,,2,77,2,2,
2017,Better Man,Little Big Town,,2,73,2,2,
2018,Meant To Be,Bebe Rexha,Florida Georgia Line,2,78,2,2,
2018,Heaven,Kane Brown,,2,80,2,2,
2018,Tequila,Dan and Shay,,2,86,2,2,
2018,You Make It Easy,Jason Aldean,,2,44,3,3,132
2018,Marry Me,Thomas Rhett,,2,85,2,2,
2018,One Number Away,Luke Combs,,2,72,2,2,
2018,Simple,Florida Georgia Line,,2,202,2,2,
2018,Get Along,Kenny Chesney,,2,93,2,2,
2018,Mercy,Brett Young,,2,72,2,2,
2018,Up Down,Morgan Wallen,Florida Georgia Line,2,65,2,2,
2019,Whiskey Glasses,Morgan Wallen,,2,76,2,2,
2019,Speechless,Dan and Shay,,2,67,2,3,134
2019,God's Country,Blake Shelton,,2,72,2,2,
2019,Beautiful Crazy,Luke Combs,,2,52,3,2,
2019,Beer Never Broke My Heart,Luke Combs,,2,78,2,2,
2019,The Git Up,Blanco Brown,,2,97,2,2,
2019,Rumor,Lee Brice,,2,71,2,2,
2019,Knockin' Boots,Luke Bryan,,2,132,3,0,132
2019,Look What God Gave Her,Thomas Rhett,,2,113,2,2,
2019,Talk You Out Of It,Florida Georgia Line,,2,63,2,2,
2020,I Hope,Gabby Barrett,,2,77,2,3,154
2020,The Bones,Maren Morris,,2,77,2,2,
2020,10000 Hours,Dan and Shay,Justin Bieber,2,91,2,2,
2020,Chasin' You,Morgan Wallen,,2,98,2,2,
2020,Nobody But You,Blake Shelton,Gwen Stefani,2,72,2,2,
2020,One Man Band,Old Dominion,,2,76,2,2,
2020,Got What I Got,Jason Aldean,,2,54,3,2,
2020,Die From A Broken Heart,Maddie and Tae,,2,76,2,2,
2020,I Hope You're Happy Now,Carly Pearce,Lee Brice,2,118,2,2,
2020,One Of Them Girls,Lee Brice,,2,97,2,2,
2021,Forever After All,Luke Combs,,2,76,2,2,
2021,Fancy Like,Walker Hayes,,2,80,2,2,
2021,Better Together,Luke Combs,,2,73,2,2,
2021,Famous Friends,Chris Young,Kane Brown,2,102,2,2,
2021,The Good Ones,Gabby Barrett,,2,90,2,2,
2021,Chasing After You,Ryan Hurd,Maren Morris,2,66,2,2,
2021,Starting Over,Chris Stapleton,,2,177,3,0,177
2021,Lil Bit,Nelly,Florida Georgia Line,2,121,2,2,
2021,Glad You Exist,Dan and Shay,,2,104,2,2,
2021,One Too Many,Keith Urban,P!nk,2,83,2,3,166
2022,Wasted On You,Morgan Wallen,,2,66,3,2,
2022,You Proof,Morgan Wallen,,2,120,2,2,
2022,Til You Can't,Cody Johnson,,2,160,2,2,
2022,The Kind Of Love We Make,Luke Combs,,2,102,2,2,
2022,Something In The Orange,Zach Bryan,,2,60,3,2,
2022,She Had Me At Heads Carolina,Cole Swindell,,2,135,2,2,
2022,Fall In Love,Bailey Zimmerman,,2,68,2,3,136
2022,Buy Dirt,Jordan Davis,Luke Bryan,2,178,2,2,
2022,AA,Walker Hayes,,2,104,2,2,
2022,5 Foot 9,Tyler Hubbard,,2,212,2,2,
2023,Last Night,Morgan Wallen,,2,102,2,2,
2023,Fast Car,Luke Combs,,2,98,2,2,
2023,Rock And A Hard Place,Bailey Zimmerman,,2,40.5,3,3,122
2023,Thinkin' Bout Me,Morgan Wallen,,2,71,2,2,
2023,Thank God,Kane Brown,Katelyn Brown,2,100,2,2,
2023,Need A Favor,Jelly Roll,,2,79,2,2,
2023,Thought You Should Know,Morgan Wallen,,2,70,2,2,
2023,Religiously,Bailey Zimmerman,,2,71,2,2,
2023,One Thing At A Time,Morgan Wallen,,2,142,2,2,
2023,Love You Anyway,Luke Combs,,2,71,2,2,
